<?xml version="1.0" encoding="UTF-8"?>
<window>
    <coordinates>
        <left>635</left>
        <top>180</top>
    </coordinates>
    <controls>
        <control type="group">
            <control type="image">
                <description>Background Image</description>
                <posx>0</posx>
                <posy>0</posy>
                <width>650</width>
                <height>720</height>
                <texture border="2">Background/loguploader-dialog-bg.png</texture>
            </control>
            <control type="image">
                <description>Dialog Header image</description>
                <posx>0</posx>
                <posy>0</posy>
                <width>650</width>
                <height>50</height>
                <texture colordiffuse="FF12B2E7" border="2">Background/loguploader-white.png</texture>
            </control>
            <control type="label" id="101">
                <description>header label</description>
                <posx>0</posx>
                <posy>0</posy>
                <width>650</width>
                <height>50</height>
                <font>font13</font>
                <label></label>
                <align>center</align>
                <aligny>center</aligny>
                <shadowcolor>FF000000</shadowcolor>
            </control>
            <control type="textbox" id="102">
                <left>20</left>
                <top>60</top>
                <width>610</width>
                <height>80</height>
                <font>font12</font>
                <align>left</align>
                <aligny>top</aligny>
                <label>[COLOR lime][B]Mi Wizard instala los siguientes addons, Script y repositorios en Kodi.[/COLOR][/B]</label>
            </control>
        </control>
        <control type="grouplist" id="9000">
            <left>20</left>
            <top>140</top>
            <width>610</width>
            <height>520</height>
            <itemgap>-3</itemgap>
            <align>top</align>
            <orientation>vertical</orientation>
            <onup>201</onup>
            <ondown>201</ondown>
            <onleft>201</onleft>
            <onright>201</onright>
            
            
            
            <control type="label" id="304">
                <width>610</width>
                <height>40</height>
                <textwidth>565</textwidth>
                <textoffsetx>10</textoffsetx>
                <radioheight>45</radioheight>
                <radioposx>530</radioposx>
                <label>[COLOR gold][B] Addon Palantir 2[/COLOR][/B]</label>
                <font>font12</font>
                <texturefocus colordiffuse="FF12B2E7">RadioButton/MenuItemFO.png</texturefocus>
            </control>
            <control type="label" id="305">
                <width>610</width>
                <height>40</height>
                <textwidth>565</textwidth>
                <textoffsetx>10</textoffsetx>
                <radioheight>45</radioheight>
                <radioposx>530</radioposx>
                <label>[COLOR gold][B] Addon YouTube[/COLOR][/B]</label>
                <font>font12</font>
                <texturefocus colordiffuse="FF12B2E7">RadioButton/MenuItemFO.png</texturefocus>
            </control>
            <control type="label" id="306">
                <width>610</width>
                <height>40</height>
                <textwidth>565</textwidth>
                <textoffsetx>10</textoffsetx>
                <radioheight>45</radioheight>
                <radioposx>530</radioposx>
                <label>[COLOR gold][B] Repositorio Palantir[/COLOR][/B]</label>
                <font>font12</font>
                <texturefocus colordiffuse="FF12B2E7">RadioButton/MenuItemFO.png</texturefocus>
            </control>
            <!--<control type="label" id="307">
                <width>610</width>
                <height>40</height>
                <textwidth>565</textwidth>
                <textoffsetx>10</textoffsetx>
                <radioheight>45</radioheight>
                <radioposx>530</radioposx>
                <label>[COLOR gold][B] Repositorio Resilveurl[/COLOR][/B]</label>
                <font>font12</font>
                <texturefocus colordiffuse="FF12B2E7">RadioButton/MenuItemFO.png</texturefocus>
            </control> -->           
            <control type="label" id="309">
                <width>610</width>
                <height>40</height>
                <textwidth>565</textwidth>
                <textoffsetx>10</textoffsetx>
                <radioheight>45</radioheight>
                <radioposx>530</radioposx>
                <label>[COLOR gold][B] Repositorio Maniac[/COLOR][/B]</label>
                <font>font12</font>
                <texturefocus colordiffuse="FF12B2E7">RadioButton/MenuItemFO.png</texturefocus>
            </control>            
             <control type="label" id="311">
                <width>610</width>
                <height>40</height>
                <textwidth>565</textwidth>
                <textoffsetx>10</textoffsetx>
                <radioheight>45</radioheight>
                <radioposx>530</radioposx>
                <label>[COLOR gold][B] Script module pycryptodome[/COLOR][/B]</label>
                <font>font12</font>
                <texturefocus colordiffuse="FF12B2E7">RadioButton/MenuItemFO.png</texturefocus>
            </control>
            <!--<control type="label" id="312">
                <width>610</width>
                <height>40</height>
                <textwidth>565</textwidth>
                <textoffsetx>10</textoffsetx>
                <radioheight>45</radioheight>
                <radioposx>530</radioposx>
                <label>[COLOR gold][B] Script cuentas Palantir[/COLOR][/B]</label>
                <font>font12</font>
                <texturefocus colordiffuse="FF12B2E7">RadioButton/MenuItemFO.png</texturefocus>
            </control>-->
            <control type="label" id="313">
                <width>610</width>
                <height>40</height>
                <textwidth>565</textwidth>
                <textoffsetx>10</textoffsetx>
                <radioheight>45</radioheight>
                <radioposx>530</radioposx>
                <label>[COLOR gold][B] Script extendedinfo[/COLOR][/B]</label>
                <font>font12</font>
                <texturefocus colordiffuse="FF12B2E7">RadioButton/MenuItemFO.png</texturefocus>
            </control>
            <control type="label" id="314">
                <width>610</width>
                <height>40</height>
                <textwidth>565</textwidth>
                <textoffsetx>10</textoffsetx>
                <radioheight>45</radioheight>
                <radioposx>530</radioposx>
                <label>[COLOR gold][B] Script limpiarkodi[/COLOR][/B]</label>
                <font>font12</font>
                <texturefocus colordiffuse="FF12B2E7">RadioButton/MenuItemFO.png</texturefocus>
            </control>
            <control type="label" id="315">
                <width>610</width>
                <height>40</height>
                <textwidth>565</textwidth>
                <textoffsetx>10</textoffsetx>
                <radioheight>45</radioheight>
                <radioposx>530</radioposx>
                <label>[COLOR gold][B] Script Luar[/COLOR][/B]</label>
                <font>font12</font>
                <texturefocus colordiffuse="FF12B2E7">RadioButton/MenuItemFO.png</texturefocus>
            </control>
            <control type="label" id="316">
                <width>610</width>
                <height>40</height>
                <textwidth>565</textwidth>
                <textoffsetx>10</textoffsetx>
                <radioheight>45</radioheight>
                <radioposx>530</radioposx>
                <label>[COLOR gold][B] Script ResolveUrl[/COLOR][/B]</label>
                <font>font12</font>
                <texturefocus colordiffuse="FF12B2E7">RadioButton/MenuItemFO.png</texturefocus>
            </control>
            <control type="label" id="317">
                <width>610</width>
                <height>40</height>
                <textwidth>565</textwidth>
                <textoffsetx>10</textoffsetx>
                <radioheight>45</radioheight>
                <radioposx>530</radioposx>
                <label>[COLOR gold][B] Skin Palantir Leia[/COLOR][/B]</label>
                <font>font12</font>
                <texturefocus colordiffuse="FF12B2E7">RadioButton/MenuItemFO.png</texturefocus>
            </control>
        </control>
        <control type="group" id="9001">
            <control type="button" id="201">
                <left>350</left>
                <top>630</top>
                <width>300</width>
                <height>90</height>
                <font>font13</font>
                <textcolor>FFF0F0F0</textcolor>
                <label>Continuar</label>
                <align>center</align>
                <aligny>center</aligny>
                <onup>9000</onup>
                <ondown>9000</ondown>
                <texturefocus border="40" colordiffuse="FF12B2E7">Button/loguploader-dialogbutton-fo.png</texturefocus>
                <texturenofocus border="40">Button/loguploader-dialogbutton-nofo.png</texturenofocus>
            </control>
        </control>
    </controls>
</window>
