<?xml version="1.0" encoding="UTF-8" standalone="yes"?>
<addon id="plugin.program.PalantirWizard" name="Wizard Palantir 2" version="1.1.1" provider-name="TierraMedia">
  <requires>
    <import addon="xbmc.python" version="2.1.0"/>
  </requires>
  <extension point="xbmc.python.pluginsource" library="default.py">
    <provides>executable</provides>
  </extension>
  <extension point="xbmc.service" library="startup.py" start="startup" />
  <extension point="xbmc.addon.metadata">
    <summary lang="en">Wizard</summary>
    <description lang="en">Wizard Palantir 2 exclusivo</description>
    <platform>all</platform>
  </extension>
</addon>