<?xml version="1.0" encoding="UTF-8" standalone="yes"?>
<addon id="plugin.video.palantir2" name="[COLOR gold]Palantir 2[/COLOR]" version="2.1.8" provider-name="TierraMedia">
  <requires>
    <import addon="script.module.six" version="1.11.0"/>
    <import addon="script.module.resolveurl" version="5.0.00" optional="true"/>
    <import addon="script.module.pycryptodome"/>
    <import addon="script.extendedinfo" optional="true"/>
  </requires>
  <extension point="xbmc.python.pluginsource" library="default.py">
    <provides>video</provides>
  </extension>
  <extension point="xbmc.addon.repository" name="Palantir Repo">
        <info>https://raw.githubusercontent.com/Palantiraddon/Repo/master/Palantir/addons.xml</info>
        <checksum>https://raw.githubusercontent.com/Palantiraddon/Repo/master/Palantir/addons.xml.md5</checksum>
        <datadir zip="true">https://raw.githubusercontent.com/Palantiraddon/repo/master/Palantir/</datadir>
  </extension>
  <extension point="xbmc.addon.metadata">
    <description>Visualiza el contenido de la nube, series, películas.</description>
    <disclaimer>[B][COLOR red]Todo el contenido disponible en este Addon esta sacado de servidores gratuitos, disponible en la red para todos los usuarios.[/B][/COLOR]</disclaimer>
    <platform>all</platform>
    <assets>
        <icon>icon.png</icon>
        <fanart>fanart.gif</fanart>
        <screenshot>resources/media/Captura1.png</screenshot>
        <screenshot>resources/media/Captura2.png</screenshot>
        <screenshot>resources/media/Captura3.png</screenshot>
        <screenshot>resources/media/Captura4.png</screenshot>
    </assets>
    <news>- #mejora en la velocidad de navegación entre menús.
- Cambio de ExtenderInfo por Embuary Info, mucho mas rapido, para mostrar información adicional.
- Reparados servidores Top (necesário registro), Zipi, Chip y Chop.
- Reparado bug al contabilizar séries mas vistas.
- Reparado bug en función Siguiente Episodio.
- Reparado bug que no marcaba los episodios iniciados automaticamente.
    </news>
    <forum></forum>
  </extension>
</addon>
