<?xml version="1.0" encoding="UTF-8" standalone="yes"?>
<addon id="plugin.video.palantir2" name="[COLOR gold]Palantir 2[/COLOR]" version="2.3.2" provider-name="TierraMedia">
  <requires>
    <import addon="script.module.six" version="1.11.0"/>
    <import addon="plugin.video.duffyou" version="0.1.3" optional="true"/>
    <import addon="script.module.resolveurl" version="5.0.00" optional="true"/>
    <import addon="script.module.inputstreamhelper" version="0.5.0"/>
    <import addon="script.module.pycryptodome"/>
    <import addon="script.embuary.info"/>
  </requires>
  <extension point="xbmc.python.pluginsource" library="default.py">
    <provides>video</provides>
  </extension>
  <extension point="xbmc.addon.metadata">
    <description>Visualiza el contenido de la nube, series, películas.[CR][COLOR red]Todo el contenido disponible en este Addon esta sacado de servidores gratuitos, disponible en la red para todos los usuarios.[/COLOR]</description>
    <disclaimer>Este es un software [COLOR red][B]gratuito[/B][/COLOR][CR][COLOR red][B]Pero no se permite[/B][/COLOR] su distribuición preinstalada en ningún tipo de dispositivo ni tampoco su inclusión total o parcial en cualquier paquete de software y/o hardware por el que el usuario final deba [COLOR red][B]pagar o hacer una donación[/B][/COLOR], por su adquisición, por su uso o por recibir asistencia.[CR]Si cree que alguna de estas normas no se está cumpliendo póngase en contacto con nosotros.</disclaimer>
    <platform>all</platform>
    <assets>
        <icon>icon.png</icon>
        <fanart>fanart.gif</fanart>
        <screenshot>resources/media/Captura1.png</screenshot>
        <screenshot>resources/media/Captura2.png</screenshot>
        <screenshot>resources/media/Captura3.png</screenshot>
        <screenshot>resources/media/Captura4.png</screenshot>
    </assets>
    <news></news>
    <forum>https://t.me/addon_palantir</forum>
  </extension>
</addon>
