<?xml version="1.0" encoding="UTF-8" standalone="yes"?>
<addon
	id="script.cuentas.palantir"
	name="Cuentas para palantir"
	version="0.0.1"
	provider-name="Tierramedia">
  <requires>
	<import addon="xbmc.python" version="2.25.0"/>
  </requires>
  <extension point="xbmc.python.script" library="default.py">  
            <provides>executable</provides>
  </extension>
  <extension point="kodi.addon.metadata">
    <platform>all</platform>
    <summary lang="es">Cuentas premium para Palantir</summary>
    <description lang="es">Cuentas premium para Palantir</description>
    <forum></forum>
    <source></source>
  </extension>
</addon>
