<?xml version="1.0" encoding="UTF-8"?>
<window id="1131" type="dialog">
	<defaultcontrol always="true">9011</defaultcontrol>
	<onunload>ClearProperty(actualViewtype,Home)</onunload>
	<controls>
		<control type="button" id="8999">
			<left>365</left>
			<top>-11</top>
			<width>64</width>
			<height>48</height>
			<label></label>
			<font>CloseButton</font>
			<textcolor>grey</textcolor>
			<focusedcolor>$VAR[ThemeLabelColor]</focusedcolor>
			<onclick>Dialog.Close(1131)</onclick>
			<texturefocus />
			<texturenofocus />
			<visible>system.getbool(input.enablemouse)</visible>
		</control>
		<control type="group">
			<include>WindowSettingsFadeAnimation</include>
			<control type="label">
				<top>85</top>
				<width>400</width>
				<height>52</height>
				<textoffsetx>15</textoffsetx>
				<font>font13_title</font>
				<label>$INFO[Container.Viewmode] $LOCALIZE[5]</label>
				<textcolor>$VAR[ThemeLabelColor]</textcolor>
			</control>
			<control type="grouplist" id="9011">
				<top>152</top>
				<width>400</width>
				<height>915</height>
				<orientation>vertical</orientation>
				<onleft>Dialog.Close(1131)</onleft>
				<onright>Dialog.Close(1131)</onright>
				<onup>9011</onup>
				<ondown>9011</ondown>
				<!-- Top Settings -->
				<!-- Button IDs (1500-1509) -->
				<!-- TopBar -->
				<control type="button" id="1500">
					<include>ButtonCommonValues</include>
					<label>$LOCALIZE[31252]</label>
					<label2>[COLOR $VAR[ThemeLabelColor]]$VAR[NoTopBarLabelVar][/COLOR]</label2>
					<onclick>$VAR[NoTopBarOnClickVar]</onclick>
					<visible>!Skin.HasSetting(Disable.TopBar)</visible>
				</control>
				<!-- Watched Status Indicators -->
				<control type="button" id="1501">
					<include>ButtonCommonValues</include>
					<label>$LOCALIZE[31188]</label>
					<label2>[COLOR $VAR[ThemeLabelColor]]$VAR[DisableOverlayLabelVar][/COLOR]</label2>
					<onclick>$VAR[DisableOverlayOnclickVar]</onclick>
					<visible>[!String.IsEmpty(Skin.String(Overlay.Toggle)) | !Skin.HasSetting(Disable.Resumable)] + !Window.IsActive(music) + !Window.IsActive(programs)</visible>
					<visible>[String.IsEqual(Window(Home).Property(actualViewtype),Landscape) | String.IsEqual(Window(Home).Property(actualViewtype),ShowCase) | String.IsEqual(Window(Home).Property(actualViewtype),MyFlix) | String.IsEqual(Window(Home).Property(actualViewtype),Icons) | String.IsEqual(Window(Home).Property(actualViewtype),SmallIcons) | String.IsEqual(Window(Home).Property(actualViewtype),Wall) | [String.IsEqual(Window(Home).Property(actualViewtype),FullscreenWall) + [Container.Content(movies) | Container.Content(tvshows) | Container.Content(sets)]] | String.IsEqual(Window(Home).Property(actualViewtype),InfoWall) | String.IsEqual(Window(Home).Property(actualViewtype),BannerPlex) | String.IsEqual(Window(Home).Property(actualViewtype),BannerWall) | String.IsEqual(Window(Home).Property(actualViewtype),BigList) | String.IsEqual(Window(Home).Property(actualViewtype),Shift) | String.IsEqual(Window(Home).Property(actualViewtype),Posters)]</visible>
				</control>
				<!-- Mediaflags -->
				<control type="button" id="1502">
					<include>ButtonCommonValues</include>
					<label>$LOCALIZE[31255]</label>
					<label2>[COLOR $VAR[ThemeLabelColor]]$VAR[ViewFlagsLabelVar][/COLOR]</label2>
					<onclick>$VAR[ViewFlagsOnclickVar]</onclick>
					<visible>!Container.Content(genres) + !Container.Content(sets)</visible>
					<visible>String.IsEqual(Window(Home).Property(actualViewtype),ShowCase) | [String.IsEqual(Window(Home).Property(actualViewtype),Landscape) + !Window.IsActive(music)] | [String.IsEqual(Window(Home).Property(actualViewtype),Wall) + ![Container.Content(programs) | Container.Content(addons) | Window.IsActive(music)]] | String.IsEqual(Window(Home).Property(actualViewtype),Logo)</visible>
				</control>
				<!-- View Settings -->
				<!-- Button IDs (1510-1549) -->
				<include condition="String.IsEqual(Window(Home).Property(actualViewtype),List)">ListViewSettings</include>
				<include condition="String.IsEqual(Window(Home).Property(actualViewtype),InfoWall)">InfoWallViewSettings</include>
				<include condition="String.IsEqual(Window(Home).Property(actualViewtype),Landscape)">LandscapeViewSettings</include>
				<include condition="String.IsEqual(Window(Home).Property(actualViewtype),ShowCase)">ShowCaseViewSettings</include>
				<include condition="String.IsEqual(Window(Home).Property(actualViewtype),ShowCaseSquare)">ShowCaseSquareViewSettings</include>
				<include condition="String.IsEqual(Window(Home).Property(actualViewtype),TriPanel)">TriPanelViewSettings</include>
				<include condition="String.IsEqual(Window(Home).Property(actualViewtype),Posters)">PostersViewSettings</include>
				<include condition="String.IsEqual(Window(Home).Property(actualViewtype),Shift)">ShiftViewSettings</include>
				<include condition="String.IsEqual(Window(Home).Property(actualViewtype),BannerWall)">BannerWallViewSettings</include>
				<include condition="String.IsEqual(Window(Home).Property(actualViewtype),Logo)">LogoViewSettings</include>
				<include condition="String.IsEqual(Window(Home).Property(actualViewtype),SmallIcons)">SmallIconsViewSettings</include>
				<include condition="String.IsEqual(Window(Home).Property(actualViewtype),Icons)">IconsViewSettings</include>
				<include condition="String.IsEqual(Window(Home).Property(actualViewtype),LowList)">LowListViewSettings</include>
				<include condition="String.IsEqual(Window(Home).Property(actualViewtype),Episode)">EpisodeViewSettings</include>
				<include condition="String.IsEqual(Window(Home).Property(actualViewtype),Wall)">WallViewSettings</include>
				<include condition="String.IsEqual(Window(Home).Property(actualViewtype),Gallery)">GalleryViewSettings</include>
				<include condition="String.IsEqual(Window(Home).Property(actualViewtype),Panel)">PanelViewSettings</include>
				<include condition="String.IsEqual(Window(Home).Property(actualViewtype),RightList)">RightListViewSettings</include>
				<include condition="String.IsEqual(Window(Home).Property(actualViewtype),BigList)">BigListViewSettings</include>
				<include condition="String.IsEqual(Window(Home).Property(actualViewtype),SongList)">SongListViewSettings</include>
				<include condition="String.IsEqual(Window(Home).Property(actualViewtype),MyFlix)">MyFlixViewSettings</include>
				<include condition="String.IsEqual(Window(Home).Property(actualViewtype),BigFan)">BigFanViewSettings</include>
				<include condition="String.IsEqual(Window(Home).Property(actualViewtype),BannerPlex)">BannerPlexViewSettings</include>
				<include condition="String.IsEqual(Window(Home).Property(actualViewtype),FanartList)">FanartListViewSettings</include>
				<include condition="String.IsEqual(Window(Home).Property(actualViewtype),MusicJukeBox)">MusicJukeBoxViewSettings</include>
				<include condition="String.IsEqual(Window(Home).Property(actualViewtype),FullscreenWall)">FullscreenWallViewSettings</include>
				<!-- Bottom Settings -->
				<!-- Button IDs (1550-1559) -->
				<!-- InfoPopup Delay -->
				<control type="button" id="1550">
					<include>ButtonCommonValues</include>
					<label>  - $LOCALIZE[303]</label>
					<label2>[COLOR $VAR[ThemeLabelColor]]$INFO[Skin.String(InfoPopup.Delay),, $LOCALIZE[31090]][/COLOR]</label2>
					<onclick>$VAR[InfoPopupDelayOnClickVar]</onclick>
					<visible>[String.IsEqual(Window(Home).Property(actualViewtype),FullscreenWall) + Skin.HasSetting(Enable.FullscreenWallInfoPopup)] | [String.IsEqual(Window(Home).Property(actualViewtype),RightList) + Skin.HasSetting(Enable.RightlistInfoPopup) + Skin.HasSetting(inforightlist)] | [String.IsEqual(Window(Home).Property(actualViewtype),Icons) + Skin.HasSetting(Enable.IconsInfoPopup)] | [String.IsEqual(Window(Home).Property(actualViewtype),SmallIcons) + Skin.HasSetting(Enable.SmallIconsInfoPopup)] | [String.IsEqual(Window(Home).Property(actualViewtype),BannerWall) + Skin.HasSetting(Disable.BannerWallInfo) + Skin.HasSetting(Enable.BannerWallInfoPopup)] + !Window.IsActive(music)</visible>
				</control>
				<!-- HD/SD/3D Indicators -->
				<control type="button" id="1551">
					<include>ButtonCommonValues</include>
					<label>$LOCALIZE[31607]</label>
					<label2>[COLOR $VAR[ThemeLabelColor]]$VAR[DisableHDIndicatorsLabelVar][/COLOR]</label2>
					<onclick condition="String.IsEqual(Window(Home).Property(actualViewtype),FanartList) + Container.Content(episodes)">Skin.ToggleSetting(noindicatorfanartlistepisodes)</onclick>
					<onclick condition="String.IsEqual(Window(Home).Property(actualViewtype),FanartList) + Container.Content(movies)">Skin.ToggleSetting(noindicatorfanartlistmovies)</onclick>
					<onclick condition="String.IsEqual(Window(Home).Property(actualViewtype),Landscape)">Skin.ToggleSetting(noindicatorlandscape)</onclick>
					<onclick condition="String.IsEqual(Window(Home).Property(actualViewtype),ShowCase)">Skin.ToggleSetting(noindicatorshowcase)</onclick>
					<onclick condition="String.IsEqual(Window(Home).Property(actualViewtype),Wall)">Skin.ToggleSetting(noindicatorwall)</onclick>
					<onclick condition="String.IsEqual(Window(Home).Property(actualViewtype),Gallery) + Container.Content(movies)">Skin.ToggleSetting(noindicatorgallerymovies)</onclick>
					<onclick condition="String.IsEqual(Window(Home).Property(actualViewtype),BigList) + Container.Content(movies)">Skin.ToggleSetting(noindicatorbiglist)</onclick>
					<onclick condition="String.IsEqual(Window(Home).Property(actualViewtype),BigList) + Container.Content(episodes)">Skin.ToggleSetting(noindicatorbiglistepisode)</onclick>
					<visible>[[Container.Content(movies) | Container.Content(episodes)] + String.IsEqual(Window(Home).Property(actualViewtype),Landscape) + !Skin.HasSetting(Enable.Landscape.Logo)] | [Container.Content(movies) + String.IsEqual(Window(Home).Property(actualViewtype),ShowCase) + !Skin.HasSetting(Enable.ShowCase.Logo) + !Skin.HasSetting(Disable.ShowCase.MovieInfo)] | [String.IsEqual(Window(Home).Property(actualViewtype),FanartList)] | [[Container.Content(movies) | Container.Content(episodes)] + String.IsEqual(Window(Home).Property(actualViewtype),BigList)] | [Container.Content(movies) + String.IsEqual(Window(Home).Property(actualViewtype),Gallery)]</visible>
					<visible>!Container.Content(tvshows) + !Container.Content(seasons) + !Container.Content(genres) + !Container.Content(sets)</visible>
				</control>
                <!-- ########################################################## -->
                <!-- ########################################################## -->
                <!-- ########################################################## -->
                <!-- new: GameFlix -->
                <control type="radiobutton" id="18010">
                    <description>Enable Logo For GameFlix Poster</description>
                    <include>ButtonCommonValues</include>
                    <label>$LOCALIZE[31606]</label>
                    <onclick>Skin.ToggleSetting(Enable.gameflixPoster.Logo)</onclick>
                    <selected>Skin.HasSetting(Enable.gameflixPoster.Logo)</selected>
                    <visible>String.IsEqual(Window(Home).Property(actualViewtype),GameFlixPoster)</visible>
                </control>
                <control type="radiobutton" id="18020">
                    <description>Enable Logo For GameFlix Wide</description>
                    <include>ButtonCommonValues</include>
                    <label>$LOCALIZE[31606]</label>
                    <onclick>Skin.ToggleSetting(Enable.gameflixWide.Logo)</onclick>
                    <selected>Skin.HasSetting(Enable.gameflixWide.Logo)</selected>
                    <visible>String.IsEqual(Window(Home).Property(actualViewtype),GameFlixWide)</visible>
                </control>
                <control type="radiobutton" id="18030">
                    <description>Enable Logo For GameFlix Square</description>
                    <include>ButtonCommonValues</include>
                    <label>$LOCALIZE[31606]</label>
                    <onclick>Skin.ToggleSetting(Enable.gameflixSquare.Logo)</onclick>
                    <selected>Skin.HasSetting(Enable.gameflixSquare.Logo)</selected>
                    <visible>String.IsEqual(Window(Home).Property(actualViewtype),GameFlixSquare)</visible>
                </control>
                <control type="radiobutton" id="18011">
                    <description>Enable Small Icons GameFlix Poster</description>
                    <include>ButtonCommonValues</include>
                    <label>$LOCALIZE[31293]</label>
                    <onclick>Skin.ToggleSetting(Enable.gameflixPoster.SmallIcon)</onclick>
                    <selected>Skin.HasSetting(Enable.gameflixPoster.SmallIcon)</selected>
                    <visible>String.IsEqual(Window(Home).Property(actualViewtype),GameFlixPoster)</visible>
                </control>
                <control type="radiobutton" id="18021">
                    <description>Enable Small Icons For GameFlix Wide</description>
                    <include>ButtonCommonValues</include>
                    <label>$LOCALIZE[31293]</label>
                    <onclick>Skin.ToggleSetting(Enable.gameflixWide.SmallIcon)</onclick>
                    <selected>Skin.HasSetting(Enable.gameflixWide.SmallIcon)</selected>
                    <visible>String.IsEqual(Window(Home).Property(actualViewtype),GameFlixWide)</visible>
                </control>
                <control type="radiobutton" id="18031">
                    <description>Enable Small Icons For GameFlix Square</description>
                    <include>ButtonCommonValues</include>
                    <label>$LOCALIZE[31293]</label>
                    <onclick>Skin.ToggleSetting(Enable.gameflixSquare.SmallIcon)</onclick>
                    <selected>Skin.HasSetting(Enable.gameflixSquare.SmallIcon)</selected>
                    <visible>String.IsEqual(Window(Home).Property(actualViewtype),GameFlixSquare)</visible>
                </control>
                <!-- ########################################################## -->
                <!-- ########################################################## -->
                <!-- ########################################################## -->
			</control>
		</control>
	</controls>
</window>
