<?xml version='1.0' encoding='UTF-8'?>
<includes>
	<include name="skinshortcuts-mainmenu">
		<item id="1">
			<property name="id">$NUMBER[1]</property>
			<label>[B][COLOR gold]Palantir[/COLOR][/B]</label>
			<label2>Complemento de Vídeo</label2>
			<icon>special://skin/extras/icons/DefaultAddSource.png</icon>
			<thumb>image://C%3a%5cWinPalantir_Leia%5cportable_data%5caddons%5cplugin.video.palantir%5cicon.png/</thumb>
			<property name="translatedPath">ActivateWindow(Videos,"plugin://plugin.video.palantir",return)</property>
			<property name="widgetName">[COLOR gold]Palantir[/COLOR]</property>
			<property name="widgetType">videos</property>
			<property name="widgetStyle">Extended Panel</property>
			<property name="widgetCase">Glass</property>
			<property name="widgetPanelInfo">Enabled</property>
			<property name="widgetDisableFanart">true</property>
			<onclick condition="String.IsEqual(ListItem.Property(path),ActivateWindow(1129))">SetProperty(CustomSelectSearch,True,Home)</onclick>
			<onclick>ActivateWindow(Videos,"plugin://plugin.video.palantir",return)</onclick>
			<property name="path">ActivateWindow(Videos,"plugin://plugin.video.palantir",return)</property>
			<visible>String.IsEqual(System.ProfileName,Master user)</visible>
			<property name="submenuVisibility">plugin-video-palantir</property>
			<property name="hasSubmenu">True</property>
		</item>
		<item id="2">
			<property name="id">$NUMBER[2]</property>
			<label>[COLOR gold][B]Recientes[/B][/COLOR]</label>
			<label2>Complemento de Vídeo</label2>
			<icon>special://skin/extras/icons/DefaultAddSource.png</icon>
			<thumb>image://C%3a%5cWinPalantir_Leia%5cportable_data%5caddons%5cplugin.video.palantir%5cresources%2fmedia%2f%2fseries_recientes.png/</thumb>
			<property name="translatedPath">ActivateWindow(Videos,"plugin://plugin.video.palantir/?action=ultimas_series",return)</property>
			<property name="widgetName">[COLOR gold]Palantir[/COLOR] - [COLOR gold][B]Series Recientes[/B][/COLOR]</property>
			<property name="widgetType">videos</property>
			<property name="widgetStyle">Extended Panel</property>
			<property name="widgetCase">Glass</property>
			<property name="widgetPanelInfo">Enabled</property>
			<property name="widgetName.2">[COLOR gold]Palantir[/COLOR] - [COLOR gold][B]Pelis Recientes[/B][/COLOR]</property>
			<property name="widgetType.2">videos</property>
			<property name="widgetStyle.2">Extended Panel</property>
			<property name="widgetPanelInfo.2">Enabled</property>
			<property name="widgetCase.2">Glass</property>
			<onclick condition="String.IsEqual(ListItem.Property(path),ActivateWindow(1129))">SetProperty(CustomSelectSearch,True,Home)</onclick>
			<onclick>ActivateWindow(Videos,"plugin://plugin.video.palantir/?action=ultimas_series",return)</onclick>
			<property name="path">ActivateWindow(Videos,"plugin://plugin.video.palantir/?action=ultimas_series",return)</property>
			<visible>String.IsEqual(System.ProfileName,Master user)</visible>
			<property name="submenuVisibility">colorgold-b-recientes-b-color</property>
			<property name="hasSubmenu">False</property>
		</item>
		<item id="3">
			<property name="id">$NUMBER[3]</property>
			<label>$LOCALIZE[31958]</label>
			<label2 />
			<icon>special://skin/extras/icons/Disc.png</icon>
			<thumb />
			<visible>System.HasMediaDVD</visible>
			<onclick condition="String.IsEqual(ListItem.Property(path),ActivateWindow(1129))">SetProperty(CustomSelectSearch,True,Home)</onclick>
			<onclick>PlayDisc</onclick>
			<property name="path">PlayDisc</property>
			<visible>String.IsEqual(System.ProfileName,Master user)</visible>
			<property name="submenuVisibility">num-31958</property>
			<property name="hasSubmenu">True</property>
		</item>
		<item id="4">
			<property name="id">$NUMBER[4]</property>
			<label>[COLOR gold][B]Apagado[/B][/COLOR]</label>
			<label2>Ítem Personalizado</label2>
			<icon>special://skin/extras/icons/power.png</icon>
			<thumb />
			<property name="widgetName">[B][I][COLOR red]Información de [/I][COLOR gold]Películas en Cines[/B][/COLOR]</property>
			<property name="widgetType">movies</property>
			<property name="widgetStyle">Extended Compact Panel</property>
			<property name="widgetCase">Glass</property>
			<property name="widgetPanelInfo">Enabled</property>
			<property name="widgetName.2">[B][I][COLOR red]Información de [/I][COLOR gold]SeriesTV en emisión hoy[/B][/COLOR]</property>
			<property name="widgetType.2">tvshows</property>
			<property name="widgetStyle.2">Extended Compact Panel</property>
			<property name="widgetPanelInfo.2">Enabled</property>
			<property name="widgetCase.2">Glass</property>
			<onclick condition="String.IsEqual(ListItem.Property(path),ActivateWindow(1129))">SetProperty(CustomSelectSearch,True,Home)</onclick>
			<onclick>ActivateWindow(shutdownmenu)</onclick>
			<property name="path">ActivateWindow(shutdownmenu)</property>
			<visible>String.IsEqual(System.ProfileName,Master user)</visible>
			<property name="submenuVisibility">colorgold-b-apagado-b-color</property>
			<property name="hasSubmenu">True</property>
		</item>
		<item id="5">
			<property name="id">$NUMBER[5]</property>
			<label>[COLOR  gold][B]buscadores[/B][/COLOR]</label>
			<label2>Ítem Personalizado</label2>
			<icon>special://skin/extras/icons/DefaultAddSource.png</icon>
			<thumb />
			<onclick condition="String.IsEqual(ListItem.Property(path),ActivateWindow(1129))">SetProperty(CustomSelectSearch,True,Home)</onclick>
			<onclick>noop</onclick>
			<property name="path">noop</property>
			<visible>String.IsEqual(System.ProfileName,Master user)</visible>
			<property name="submenuVisibility">colorgold-b-buscadores-b-color</property>
			<property name="hasSubmenu">True</property>
		</item>
		<item id="6">
			<property name="id">$NUMBER[6]</property>
			<label>[COLOR gold][B]Favoritos[/B][/COLOR]</label>
			<label2>Ítem Personalizado</label2>
			<icon>special://skin/extras/icons/Favorites.png</icon>
			<thumb />
			<property name="widgetName">[COLOR gold]Palantir[/COLOR] - [COLOR gold][B]Favoritos Palantir[/B][/COLOR]</property>
			<property name="widgetType">videos</property>
			<property name="widgetStyle">Extended Panel</property>
			<property name="widgetCase">Glass</property>
			<property name="widgetPanelInfo">Enabled</property>
			<onclick condition="String.IsEqual(ListItem.Property(path),ActivateWindow(1129))">SetProperty(CustomSelectSearch,True,Home)</onclick>
			<onclick>ActivateWindow(Favourites)</onclick>
			<property name="path">ActivateWindow(Favourites)</property>
			<visible>String.IsEqual(System.ProfileName,Master user)</visible>
			<property name="submenuVisibility">colorgold-b-favoritos-b-color</property>
			<property name="hasSubmenu">True</property>
		</item>
		<item id="7">
			<property name="id">$NUMBER[7]</property>
			<label>[COLOR gold][B]Ajustes[/B][/COLOR]</label>
			<label2>Ajustes</label2>
			<icon>special://skin/extras/icons/DefaultAddSource.png</icon>
			<thumb />
			<property name="translatedPath">ActivateWindow(Settings)</property>
			<onclick condition="String.IsEqual(ListItem.Property(path),ActivateWindow(1129))">SetProperty(CustomSelectSearch,True,Home)</onclick>
			<onclick>ActivateWindow(Settings)</onclick>
			<property name="path">ActivateWindow(Settings)</property>
			<visible>String.IsEqual(System.ProfileName,Master user)</visible>
			<property name="submenuVisibility">colorgold-b-ajustes-b-color</property>
			<property name="hasSubmenu">True</property>
		</item>
	</include>
	<include />
	<include name="skinshortcuts-submenu">
		<item id="1">
			<property name="id">$NUMBER[1]</property>
			<property name="mainmenuid">1</property>
			<label>[COLOR gold][B]Programas[/B][/COLOR]</label>
			<label2>Programas</label2>
			<icon>special://skin/extras/icons/DefaultAddonProgram.png</icon>
			<thumb />
			<property name="translatedPath">ActivateWindow(Programs,Addons,return)</property>
			<onclick>ActivateWindow(Programs,Addons,return)</onclick>
			<property name="path">ActivateWindow(Programs,Addons,return)</property>
			<visible>[String.IsEqual(System.ProfileName,Master user)] + String.IsEqual(Container(9000).ListItem.Property(submenuVisibility),plugin-video-palantir)</visible>
			<property name="isSubmenu">True</property>
		</item>
		<item id="1">
			<property name="id">$NUMBER[1]</property>
			<property name="mainmenuid">3</property>
			<label>$LOCALIZE[31485]</label>
			<label2 />
			<icon>special://skin/extras/icons/DefaultAddSource.png</icon>
			<thumb />
			<onclick>EjectTray()</onclick>
			<property name="path">EjectTray()</property>
			<visible>[String.IsEqual(System.ProfileName,Master user)] + String.IsEqual(Container(9000).ListItem.Property(submenuVisibility),num-31958)</visible>
			<property name="isSubmenu">True</property>
		</item>
		<item id="2">
			<property name="id">$NUMBER[2]</property>
			<property name="mainmenuid">3</property>
			<label>$LOCALIZE[600]</label>
			<label2 />
			<icon>special://skin/extras/icons/DefaultAddSource.png</icon>
			<thumb />
			<visible>[System.HasMediaAudioCD] + String.IsEqual(Container(9000).ListItem.Property(submenuVisibility),num-31958)</visible>
			<onclick>RipCD</onclick>
			<property name="path">RipCD</property>
			<visible>String.IsEqual(System.ProfileName,Master user)</visible>
			<property name="isSubmenu">True</property>
		</item>
		<item id="1">
			<property name="id">$NUMBER[1]</property>
			<property name="mainmenuid">4</property>
			<label>[COLOR gold][B]Apagar el sistema[/B][/COLOR]</label>
			<label2>Ítem Personalizado</label2>
			<icon>special://skin/extras/icons/DefaultAddSource.png</icon>
			<thumb />
			<visible>[System.CanPowerDown] + String.IsEqual(Container(9000).ListItem.Property(submenuVisibility),colorgold-b-apagado-b-color)</visible>
			<onclick>Powerdown()</onclick>
			<property name="path">Powerdown()</property>
			<visible>String.IsEqual(System.ProfileName,Master user)</visible>
			<property name="isSubmenu">True</property>
		</item>
		<item id="2">
			<property name="id">$NUMBER[2]</property>
			<property name="mainmenuid">4</property>
			<label>[COLOR gold][B]Reiniciar[/B][/COLOR]</label>
			<label2>Ítem Personalizado</label2>
			<icon>special://skin/extras/icons/DefaultAddSource.png</icon>
			<thumb />
			<visible>[System.CanReboot] + String.IsEqual(Container(9000).ListItem.Property(submenuVisibility),colorgold-b-apagado-b-color)</visible>
			<onclick>Reset()</onclick>
			<property name="path">Reset()</property>
			<visible>String.IsEqual(System.ProfileName,Master user)</visible>
			<property name="isSubmenu">True</property>
		</item>
		<item id="3">
			<property name="id">$NUMBER[3]</property>
			<property name="mainmenuid">4</property>
			<label>[COLOR gold][B]Suspender[/B][/COLOR]</label>
			<label2>Ítem Personalizado</label2>
			<icon>special://skin/extras/icons/DefaultAddSource.png</icon>
			<thumb />
			<visible>[System.CanSuspend] + String.IsEqual(Container(9000).ListItem.Property(submenuVisibility),colorgold-b-apagado-b-color)</visible>
			<onclick>Suspend()</onclick>
			<property name="path">Suspend()</property>
			<visible>String.IsEqual(System.ProfileName,Master user)</visible>
			<property name="isSubmenu">True</property>
		</item>
		<item id="4">
			<property name="id">$NUMBER[4]</property>
			<property name="mainmenuid">4</property>
			<label>[COLOR gold][B]Hibernar[/B][/COLOR]</label>
			<label2>Ítem Personalizado</label2>
			<icon>special://skin/extras/icons/DefaultAddSource.png</icon>
			<thumb />
			<visible>[System.CanHibernate] + String.IsEqual(Container(9000).ListItem.Property(submenuVisibility),colorgold-b-apagado-b-color)</visible>
			<onclick>Hibernate()</onclick>
			<property name="path">Hibernate()</property>
			<visible>String.IsEqual(System.ProfileName,Master user)</visible>
			<property name="isSubmenu">True</property>
		</item>
		<item id="5">
			<property name="id">$NUMBER[5]</property>
			<property name="mainmenuid">4</property>
			<label>[COLOR gold][B]Cerrar sesión[/B][/COLOR]</label>
			<label2>Ítem Personalizado</label2>
			<icon>special://skin/extras/icons/DefaultAddSource.png</icon>
			<thumb />
			<visible>[[System.HasLoginScreen | IntegerGreaterThan(System.ProfileCount,1)] + System.Loggedon] + String.IsEqual(Container(9000).ListItem.Property(submenuVisibility),colorgold-b-apagado-b-color)</visible>
			<onclick>System.LogOff</onclick>
			<property name="path">System.LogOff</property>
			<visible>String.IsEqual(System.ProfileName,Master user)</visible>
			<property name="isSubmenu">True</property>
		</item>
		<item id="6">
			<property name="id">$NUMBER[6]</property>
			<property name="mainmenuid">4</property>
			<label>[COLOR gold][B]Salir[/B][/COLOR]</label>
			<label2>Ítem Personalizado</label2>
			<icon>special://skin/extras/icons/DefaultAddSource.png</icon>
			<thumb />
			<visible>[System.ShowExitButton] + String.IsEqual(Container(9000).ListItem.Property(submenuVisibility),colorgold-b-apagado-b-color)</visible>
			<onclick>Quit()</onclick>
			<property name="path">Quit()</property>
			<visible>String.IsEqual(System.ProfileName,Master user)</visible>
			<property name="isSubmenu">True</property>
		</item>
		<item id="1">
			<property name="id">$NUMBER[1]</property>
			<property name="mainmenuid">5</property>
			<label>[COLOR gold][B]Buscar Peli[/B][/COLOR]</label>
			<label2>Complemento de Vídeo</label2>
			<icon>special://skin/extras/icons/DefaultAddSource.png</icon>
			<thumb>image://C%3a%5cWinPalantir_Leia%5cportable_data%5caddons%5cplugin.video.palantir%5cresources%2fmedia%2f%2fbuscar.png/</thumb>
			<property name="translatedPath">ActivateWindow(Videos,"plugin://plugin.video.palantir/?action=searchPeli",return)</property>
			<onclick>ActivateWindow(Videos,"plugin://plugin.video.palantir/?action=searchPeli",return)</onclick>
			<property name="path">ActivateWindow(Videos,"plugin://plugin.video.palantir/?action=searchPeli",return)</property>
			<visible>[String.IsEqual(System.ProfileName,Master user)] + String.IsEqual(Container(9000).ListItem.Property(submenuVisibility),colorgold-b-buscadores-b-color)</visible>
			<property name="isSubmenu">True</property>
		</item>
		<item id="2">
			<property name="id">$NUMBER[2]</property>
			<property name="mainmenuid">5</property>
			<label>[COLOR gold][B]Buscar Serie[/B][/COLOR]</label>
			<label2>Complemento de Vídeo</label2>
			<icon>special://skin/extras/icons/DefaultAddSource.png</icon>
			<thumb>image://C%3a%5cWinPalantir_Leia%5cportable_data%5caddons%5cplugin.video.palantir%5cresources%2fmedia%2f%2fbuscar.png/</thumb>
			<property name="translatedPath">ActivateWindow(Videos,"plugin://plugin.video.palantir/?action=searchSerie",return)</property>
			<onclick>ActivateWindow(Videos,"plugin://plugin.video.palantir/?action=searchSerie",return)</onclick>
			<property name="path">ActivateWindow(Videos,"plugin://plugin.video.palantir/?action=searchSerie",return)</property>
			<visible>[String.IsEqual(System.ProfileName,Master user)] + String.IsEqual(Container(9000).ListItem.Property(submenuVisibility),colorgold-b-buscadores-b-color)</visible>
			<property name="isSubmenu">True</property>
		</item>
		<item id="1">
			<property name="id">$NUMBER[1]</property>
			<property name="mainmenuid">6</property>
			<label>[COLOR gold][B]Favoritos Palantir[/B][/COLOR]</label>
			<label2>Complemento de Vídeo</label2>
			<icon>special://skin/extras/icons/DefaultAddSource.png</icon>
			<thumb>image://C%3a%5cWinPalantir_Leia%5cportable_data%5caddons%5cplugin.video.palantir%5cresources%2fmedia%2f%2ffavoritos.png/</thumb>
			<property name="translatedPath">ActivateWindow(Videos,"plugin://plugin.video.palantir/?action=listfav",return)</property>
			<onclick>ActivateWindow(Videos,"plugin://plugin.video.palantir/?action=listfav",return)</onclick>
			<property name="path">ActivateWindow(Videos,"plugin://plugin.video.palantir/?action=listfav",return)</property>
			<visible>[String.IsEqual(System.ProfileName,Master user)] + String.IsEqual(Container(9000).ListItem.Property(submenuVisibility),colorgold-b-favoritos-b-color)</visible>
			<property name="isSubmenu">True</property>
		</item>
		<item id="1">
			<property name="id">$NUMBER[1]</property>
			<property name="mainmenuid">7</property>
			<label>[COLOR gold][B]Info del sistema[/B][/COLOR]</label>
			<label2>Ítem Personalizado</label2>
			<icon>special://skin/extras/icons/DefaultAddSource.png</icon>
			<thumb />
			<onclick>ActivateWindow(SystemInfo)</onclick>
			<property name="path">ActivateWindow(SystemInfo)</property>
			<visible>[String.IsEqual(System.ProfileName,Master user)] + String.IsEqual(Container(9000).ListItem.Property(submenuVisibility),colorgold-b-ajustes-b-color)</visible>
			<property name="isSubmenu">True</property>
		</item>
		<item id="2">
			<property name="id">$NUMBER[2]</property>
			<property name="mainmenuid">7</property>
			<label>[COLOR gold][B]Apagado[/B][/COLOR]</label>
			<label2>Ítem Personalizado</label2>
			<icon>special://skin/extras/icons/DefaultAddSource.png</icon>
			<thumb />
			<onclick>ActivateWindow(shutdownmenu)</onclick>
			<property name="path">ActivateWindow(shutdownmenu)</property>
			<visible>[String.IsEqual(System.ProfileName,Master user)] + String.IsEqual(Container(9000).ListItem.Property(submenuVisibility),colorgold-b-ajustes-b-color)</visible>
			<property name="isSubmenu">True</property>
		</item>
		<item id="3">
			<property name="id">$NUMBER[3]</property>
			<property name="mainmenuid">7</property>
			<label>[COLOR gold][B]Ajustes de skin[/B][/COLOR]</label>
			<label2>Ítem Personalizado</label2>
			<icon>special://skin/extras/icons/DefaultAddSource.png</icon>
			<thumb />
			<onclick>ActivateWindow(SkinSettings)</onclick>
			<property name="path">ActivateWindow(SkinSettings)</property>
			<visible>[String.IsEqual(System.ProfileName,Master user)] + String.IsEqual(Container(9000).ListItem.Property(submenuVisibility),colorgold-b-ajustes-b-color)</visible>
			<property name="isSubmenu">True</property>
		</item>
		<item id="4">
			<property name="id">$NUMBER[4]</property>
			<property name="mainmenuid">7</property>
			<label>[COLOR gold][B]Gestor de archivos[/B][/COLOR]</label>
			<label2>Ítem Personalizado</label2>
			<icon>special://skin/extras/icons/DefaultAddSource.png</icon>
			<thumb />
			<onclick>ActivateWindow(FileManager)</onclick>
			<property name="path">ActivateWindow(FileManager)</property>
			<visible>[String.IsEqual(System.ProfileName,Master user)] + String.IsEqual(Container(9000).ListItem.Property(submenuVisibility),colorgold-b-ajustes-b-color)</visible>
			<property name="isSubmenu">True</property>
		</item>
		<item id="5">
			<property name="id">$NUMBER[5]</property>
			<property name="mainmenuid">7</property>
			<label>[COLOR gold][B]Perfiles[/B][/COLOR]</label>
			<label2>Ítem Personalizado</label2>
			<icon>special://skin/extras/icons/DefaultAddSource.png</icon>
			<thumb />
			<onclick>ActivateWindow(Profiles)</onclick>
			<property name="path">ActivateWindow(Profiles)</property>
			<visible>[String.IsEqual(System.ProfileName,Master user)] + String.IsEqual(Container(9000).ListItem.Property(submenuVisibility),colorgold-b-ajustes-b-color)</visible>
			<property name="isSubmenu">True</property>
		</item>
		<item id="6">
			<property name="id">$NUMBER[6]</property>
			<property name="mainmenuid">7</property>
			<label>[COLOR gold][B]Registro de eventos[/B][/COLOR]</label>
			<label2>Ítem Personalizado</label2>
			<icon>special://skin/extras/icons/DefaultAddSource.png</icon>
			<thumb />
			<visible>[system.getbool(eventlog.enabled)] + String.IsEqual(Container(9000).ListItem.Property(submenuVisibility),colorgold-b-ajustes-b-color)</visible>
			<onclick>ActivateWindow(Eventlog)</onclick>
			<property name="path">ActivateWindow(Eventlog)</property>
			<visible>String.IsEqual(System.ProfileName,Master user)</visible>
			<property name="isSubmenu">True</property>
		</item>
	</include>
	<include />
	<include name="skinshortcuts-submenu-1" />
	<include />
	<include name="skinshortcuts-submenu-2" />
	<include name="skinshortcuts-template-widget1">
		<include condition="String.IsEqual(System.ProfileName,Master user)">skinshortcuts-template-widget1-Master user</include>
	</include>
	<include name="skinshortcuts-template-widget1-Master user">
		<control type="group">
			<visible>String.IsEqual(Container(9000).ListItem.Property(submenuVisibility),plugin-video-palantir)</visible>
			<control type="group">
				<visible>Integer.IsGreater(Container(80111).NumItems,0)</visible>
				<control type="group">
					<visible>Control.HasFocus(80111)</visible>
					<animation condition="!String.IsEqual(Skin.String(MainMenu.Layout),vertical) + Skin.HasSetting(centermainmenu)" effect="slide" end="0,950">Conditional</animation>
					<animation condition="String.IsEqual(Skin.String(MainMenu.Layout),vertical)" effect="slide" end="0,677">Conditional</animation>
					<top>90</top>
					<left>40</left>
					<control type="group">
						<animation effect="fade" end="0">WindowClose</animation>
						<control type="image">
							<top>-40</top>
							<width>1890</width>
							<height>391</height>
							<texture colordiffuse="BFFFFFFF">homewidgets/list_shadow.png</texture>
						</control>
						<control type="group">
							<include condition="!true">InfoPosterContent</include>
							<include condition="!true" content="InfoTextContent">
								<param name="left">225</param>
								<param name="width">1605</param>
							</include>
						</control>
						<control type="group">
							<include condition="true">InfoSquareContent</include>
							<include condition="true" content="InfoTextContent">
								<param name="left">330</param>
								<param name="width">1500</param>
							</include>
						</control>
					</control>
				</control>
				<control type="group">
					<top>475</top>
					<control type="group">
						<include condition="!String.IsEmpty(Skin.String(Widget.Trans))">HomeWidgetFade</include>
						<centerleft>50%</centerleft>
						<top>-21</top>
						<width>1882.5</width>
						<height>300</height>
						<control type="image">
							<width>1882.5</width>
							<height>300</height>
							<texture border="40" colordiffuse="$VAR[HomeWidgetBackColor]">$VAR[HomeWidgetBackgroundVar]</texture>
							<visible>Skin.HasSetting(Enable.GlobalWidgetBack)</visible>
						</control>
						<control type="image">
							<width>1882.5</width>
							<height>300</height>
							<texture border="40" colordiffuse="FF0B0B0B">homewidgets/bg_default.png</texture>
							<visible>!Skin.HasSetting(Enable.GlobalWidgetBack)</visible>
						</control>
					</control>
					<include content="PanelLabel">
						<param name="id">80111</param>
						<param name="Label">[COLOR gold]Palantir[/COLOR]</param>
						<param name="Title">$VAR[HomeWidgetInfoTitleVar]</param>
						<param name="labelFont">font13_title</param>
						<param name="labelBottom">281</param>
						<param name="labelWidth">922</param>
						<param name="labelLeft">38</param>
						<param name="labelRight">959</param>
						<param name="labelTitle">false</param>
					</include>
				</control>
			</control>
			<control type="group">
				<top>475</top>
				<control id="80111" type="panel">
					<left>37.5</left>
					<width>1845</width>
					<height>300</height>
					<orientation>horizontal</orientation>
					<preloaditems>2</preloaditems>
					<scrolltime easing="out" tween="quadratic">300</scrolltime>
					<include>skinshortcuts-template-HorizontalNavigation1</include>
					<onfocus condition="System.HasAddon(script.skin.helper.service)">SetProperty(SkinHelper.WidgetContainer,80111)</onfocus>
					<onunfocus condition="System.HasAddon(script.skin.helper.service)">SetProperty(SkinHelper.WidgetContainer,Home)</onunfocus>
					<include content="SquareArt">
						<param name="containerWidth">263.5</param>
						<param name="containerHeight">258.5</param>
						<param name="Texture">$VAR[PosterThumbVar]</param>
						<param name="leftArt">8.5</param>
						<param name="topArt">6</param>
						<param name="widthArt">246.5</param>
						<param name="heightArt">246.5</param>
						<param name="topFakeDiscArt">6</param>
						<param name="leftCase">2.5</param>
						<param name="topCase">0</param>
						<param name="widthCase">258.5</param>
						<param name="heightCase">258.5</param>
						<param name="labelHeight">-34</param>
						<param name="labelFont">Font_12</param>
						<param name="fallbackFont">fontCDalbum</param>
						<param name="fallbackVisible">false</param>
						<param name="Aspect">scale</param>
						<param name="Aligny">top</param>
						<param name="Diffuse" />
						<param name="Case">homewidgets/cases/glass/square.png</param>
						<param name="labelVisible">false</param>
						<param name="labelFocusVisible">false</param>
						<param name="isWeather">false</param>
						<param name="weatherTop" />
						<param name="weatherHeight" />
						<param name="weatherTop1" />
						<param name="weatherTop2" />
						<param name="weatherTop3" />
						<param name="weatherFont">font14</param>
					</include>
					<content sortby="" sortorder="" target="videos">plugin://plugin.video.palantir?reload=$INFO[Window(Home).Property(widgetreload)]</content>
				</control>
			</control>
		</control>
		<control type="group">
			<visible>String.IsEqual(Container(9000).ListItem.Property(submenuVisibility),colorgold-b-recientes-b-color)</visible>
			<control type="group">
				<visible>Integer.IsGreater(Container(80112).NumItems,0)</visible>
				<control type="group">
					<visible>Control.HasFocus(80112)</visible>
					<animation condition="!String.IsEqual(Skin.String(MainMenu.Layout),vertical) + Skin.HasSetting(centermainmenu)" effect="slide" end="0,950">Conditional</animation>
					<animation condition="String.IsEqual(Skin.String(MainMenu.Layout),vertical)" effect="slide" end="0,677">Conditional</animation>
					<top>90</top>
					<left>40</left>
					<control type="group">
						<animation effect="fade" end="0">WindowClose</animation>
						<control type="image">
							<top>-40</top>
							<width>1890</width>
							<height>391</height>
							<texture colordiffuse="BFFFFFFF">homewidgets/list_shadow.png</texture>
						</control>
						<control type="group">
							<include condition="!false">InfoPosterContent</include>
							<include condition="!false" content="InfoTextContent">
								<param name="left">225</param>
								<param name="width">1605</param>
							</include>
						</control>
						<control type="group">
							<include condition="false">InfoSquareContent</include>
							<include condition="false" content="InfoTextContent">
								<param name="left">330</param>
								<param name="width">1500</param>
							</include>
						</control>
					</control>
				</control>
				<control type="group">
					<top>424</top>
					<control type="group">
						<include condition="!String.IsEmpty(Skin.String(Widget.Trans))">HomeWidgetFade</include>
						<centerleft>50%</centerleft>
						<top>-21</top>
						<width>1882.5</width>
						<height>342</height>
						<control type="image">
							<width>1882.5</width>
							<height>342</height>
							<texture border="40" colordiffuse="$VAR[HomeWidgetBackColor]">$VAR[HomeWidgetBackgroundVar]</texture>
							<visible>Skin.HasSetting(Enable.GlobalWidgetBack)</visible>
						</control>
						<control type="image">
							<width>1882.5</width>
							<height>342</height>
							<texture border="40" colordiffuse="FF0B0B0B">homewidgets/bg_default.png</texture>
							<visible>!Skin.HasSetting(Enable.GlobalWidgetBack)</visible>
						</control>
					</control>
					<include content="PanelLabel">
						<param name="id">80112</param>
						<param name="Label">[COLOR gold]Palantir[/COLOR] - [COLOR gold][B]Series Recientes[/B][/COLOR]</param>
						<param name="Title">$VAR[HomeWidgetInfoTitleVar]</param>
						<param name="labelFont">font13_title</param>
						<param name="labelBottom">318</param>
						<param name="labelWidth">922</param>
						<param name="labelLeft">38</param>
						<param name="labelRight">959</param>
						<param name="labelTitle">false</param>
					</include>
				</control>
			</control>
			<control type="group">
				<top>424</top>
				<control id="80112" type="panel">
					<left>37.5</left>
					<width>1845</width>
					<height>300</height>
					<orientation>horizontal</orientation>
					<preloaditems>2</preloaditems>
					<scrolltime easing="out" tween="quadratic">300</scrolltime>
					<include>skinshortcuts-template-HorizontalNavigation1</include>
					<onfocus condition="System.HasAddon(script.skin.helper.service)">SetProperty(SkinHelper.WidgetContainer,80112)</onfocus>
					<onunfocus condition="System.HasAddon(script.skin.helper.service)">SetProperty(SkinHelper.WidgetContainer,Home)</onunfocus>
					<include content="PortraitArt">
						<param name="containerWidth">205</param>
						<param name="containerHeight">300</param>
						<param name="Texture">$VAR[PosterThumbVar]</param>
						<param name="leftArt">7.5</param>
						<param name="topArt">6</param>
						<param name="widthArt">190</param>
						<param name="heightArt">288</param>
						<param name="topFakeDiscArt">6</param>
						<param name="leftCase">2.5</param>
						<param name="topCase">0</param>
						<param name="widthCase">200</param>
						<param name="heightCase">300</param>
						<param name="labelHeight">-34</param>
						<param name="labelFont">Font_12</param>
						<param name="fallbackFont">fontCDalbum</param>
						<param name="fallbackVisible">false</param>
						<param name="Aspect">stretch</param>
						<param name="Aligny">top</param>
						<param name="Diffuse" />
						<param name="Case">homewidgets/cases/glass/portrait.png</param>
						<param name="labelVisible">false</param>
						<param name="labelFocusVisible">false</param>
						<param name="isWeather">false</param>
						<param name="weatherTop" />
						<param name="weatherHeight" />
						<param name="weatherTop1" />
						<param name="weatherTop2" />
						<param name="weatherTop3" />
						<param name="weatherFont">font14</param>
					</include>
					<content sortby="dateAdded" sortorder="" target="videos">plugin://plugin.video.palantir/?action=ultimas_series&amp;reload=$INFO[Window(Home).Property(widgetreload)]</content>
				</control>
			</control>
		</control>
		<control type="group">
			<visible>String.IsEqual(Container(9000).ListItem.Property(submenuVisibility),colorgold-b-apagado-b-color)</visible>
			<control type="group">
				<visible>Integer.IsGreater(Container(80114).NumItems,0)</visible>
				<control type="group">
					<visible>Control.HasFocus(80114)</visible>
					<animation condition="!String.IsEqual(Skin.String(MainMenu.Layout),vertical) + Skin.HasSetting(centermainmenu)" effect="slide" end="0,950">Conditional</animation>
					<animation condition="String.IsEqual(Skin.String(MainMenu.Layout),vertical)" effect="slide" end="0,677">Conditional</animation>
					<top>90</top>
					<left>40</left>
					<control type="group">
						<animation effect="fade" end="0">WindowClose</animation>
						<control type="image">
							<top>-40</top>
							<width>1890</width>
							<height>391</height>
							<texture colordiffuse="BFFFFFFF">homewidgets/list_shadow.png</texture>
						</control>
						<control type="group">
							<include condition="!false">InfoPosterContent</include>
							<include condition="!false" content="InfoTextContent">
								<param name="left">225</param>
								<param name="width">1605</param>
							</include>
						</control>
						<control type="group">
							<include condition="false">InfoSquareContent</include>
							<include condition="false" content="InfoTextContent">
								<param name="left">330</param>
								<param name="width">1500</param>
							</include>
						</control>
					</control>
				</control>
				<control type="group">
					<top>453</top>
					<control type="group">
						<include condition="!String.IsEmpty(Skin.String(Widget.Trans))">HomeWidgetFade</include>
						<centerleft>50%</centerleft>
						<top>-21</top>
						<width>1882.5</width>
						<height>285</height>
						<control type="image">
							<width>1882.5</width>
							<height>285</height>
							<texture border="40" colordiffuse="$VAR[HomeWidgetBackColor]">$VAR[HomeWidgetBackgroundVar]</texture>
							<visible>Skin.HasSetting(Enable.GlobalWidgetBack)</visible>
						</control>
						<control type="image">
							<width>1882.5</width>
							<height>285</height>
							<texture border="40" colordiffuse="FF0B0B0B">homewidgets/bg_default.png</texture>
							<visible>!Skin.HasSetting(Enable.GlobalWidgetBack)</visible>
						</control>
					</control>
					<include content="PanelLabel">
						<param name="id">80114</param>
						<param name="Label">[B][I][COLOR red]Información de [/I][COLOR gold]Películas en Cines[/B][/COLOR]</param>
						<param name="Title">$VAR[HomeWidgetInfoTitleVar]</param>
						<param name="labelFont">font13_title</param>
						<param name="labelBottom">260</param>
						<param name="labelWidth">922</param>
						<param name="labelLeft">38</param>
						<param name="labelRight">959</param>
						<param name="labelTitle">false</param>
					</include>
				</control>
			</control>
			<control type="group">
				<top>453</top>
				<control id="80114" type="panel">
					<left>37.5</left>
					<width>1845</width>
					<height>243</height>
					<orientation>horizontal</orientation>
					<preloaditems>2</preloaditems>
					<scrolltime easing="out" tween="quadratic">300</scrolltime>
					<include>skinshortcuts-template-HorizontalNavigation1</include>
					<onfocus condition="System.HasAddon(script.skin.helper.service)">SetProperty(SkinHelper.WidgetContainer,80114)</onfocus>
					<onunfocus condition="System.HasAddon(script.skin.helper.service)">SetProperty(SkinHelper.WidgetContainer,Home)</onunfocus>
					<include content="PortraitArt">
						<param name="containerWidth">167.7</param>
						<param name="containerHeight">243</param>
						<param name="Texture">$VAR[PosterThumbVar]</param>
						<param name="leftArt">6.5</param>
						<param name="topArt">4</param>
						<param name="widthArt">154.7</param>
						<param name="heightArt">235</param>
						<param name="topFakeDiscArt">4</param>
						<param name="leftCase">2.5</param>
						<param name="topCase">0</param>
						<param name="widthCase">162.7</param>
						<param name="heightCase">243</param>
						<param name="labelHeight">-29</param>
						<param name="labelFont">font11</param>
						<param name="fallbackFont">fontCDalbum</param>
						<param name="fallbackVisible">false</param>
						<param name="Aspect">stretch</param>
						<param name="Aligny">top</param>
						<param name="Diffuse" />
						<param name="Case">homewidgets/cases/glass/portrait.png</param>
						<param name="labelVisible">false</param>
						<param name="labelFocusVisible">false</param>
						<param name="isWeather">false</param>
						<param name="weatherTop" />
						<param name="weatherHeight" />
						<param name="weatherTop1" />
						<param name="weatherTop2" />
						<param name="weatherTop3" />
						<param name="weatherFont">font12</param>
					</include>
					<content sortby="title" sortorder="ascending" target="videos">plugin://script.extendedinfo?info=incinemamovies</content>
				</control>
			</control>
		</control>
		<control type="group">
			<visible>String.IsEqual(Container(9000).ListItem.Property(submenuVisibility),colorgold-b-favoritos-b-color)</visible>
			<control type="group">
				<visible>Integer.IsGreater(Container(80116).NumItems,0)</visible>
				<control type="group">
					<visible>Control.HasFocus(80116)</visible>
					<animation condition="!String.IsEqual(Skin.String(MainMenu.Layout),vertical) + Skin.HasSetting(centermainmenu)" effect="slide" end="0,950">Conditional</animation>
					<animation condition="String.IsEqual(Skin.String(MainMenu.Layout),vertical)" effect="slide" end="0,677">Conditional</animation>
					<top>90</top>
					<left>40</left>
					<control type="group">
						<animation effect="fade" end="0">WindowClose</animation>
						<control type="image">
							<top>-40</top>
							<width>1890</width>
							<height>391</height>
							<texture colordiffuse="BFFFFFFF">homewidgets/list_shadow.png</texture>
						</control>
						<control type="group">
							<include condition="!false">InfoPosterContent</include>
							<include condition="!false" content="InfoTextContent">
								<param name="left">225</param>
								<param name="width">1605</param>
							</include>
						</control>
						<control type="group">
							<include condition="false">InfoSquareContent</include>
							<include condition="false" content="InfoTextContent">
								<param name="left">330</param>
								<param name="width">1500</param>
							</include>
						</control>
					</control>
				</control>
				<control type="group">
					<top>424</top>
					<control type="group">
						<include condition="!String.IsEmpty(Skin.String(Widget.Trans))">HomeWidgetFade</include>
						<centerleft>50%</centerleft>
						<top>-21</top>
						<width>1882.5</width>
						<height>342</height>
						<control type="image">
							<width>1882.5</width>
							<height>342</height>
							<texture border="40" colordiffuse="$VAR[HomeWidgetBackColor]">$VAR[HomeWidgetBackgroundVar]</texture>
							<visible>Skin.HasSetting(Enable.GlobalWidgetBack)</visible>
						</control>
						<control type="image">
							<width>1882.5</width>
							<height>342</height>
							<texture border="40" colordiffuse="FF0B0B0B">homewidgets/bg_default.png</texture>
							<visible>!Skin.HasSetting(Enable.GlobalWidgetBack)</visible>
						</control>
					</control>
					<include content="PanelLabel">
						<param name="id">80116</param>
						<param name="Label">[COLOR gold]Palantir[/COLOR] - [COLOR gold][B]Favoritos Palantir[/B][/COLOR]</param>
						<param name="Title">$VAR[HomeWidgetInfoTitleVar]</param>
						<param name="labelFont">font13_title</param>
						<param name="labelBottom">318</param>
						<param name="labelWidth">922</param>
						<param name="labelLeft">38</param>
						<param name="labelRight">959</param>
						<param name="labelTitle">false</param>
					</include>
				</control>
			</control>
			<control type="group">
				<top>424</top>
				<control id="80116" type="panel">
					<left>37.5</left>
					<width>1845</width>
					<height>300</height>
					<orientation>horizontal</orientation>
					<preloaditems>2</preloaditems>
					<scrolltime easing="out" tween="quadratic">300</scrolltime>
					<include>skinshortcuts-template-HorizontalNavigation1</include>
					<onfocus condition="System.HasAddon(script.skin.helper.service)">SetProperty(SkinHelper.WidgetContainer,80116)</onfocus>
					<onunfocus condition="System.HasAddon(script.skin.helper.service)">SetProperty(SkinHelper.WidgetContainer,Home)</onunfocus>
					<include content="PortraitArt">
						<param name="containerWidth">205</param>
						<param name="containerHeight">300</param>
						<param name="Texture">$VAR[PosterThumbVar]</param>
						<param name="leftArt">7.5</param>
						<param name="topArt">6</param>
						<param name="widthArt">190</param>
						<param name="heightArt">288</param>
						<param name="topFakeDiscArt">6</param>
						<param name="leftCase">2.5</param>
						<param name="topCase">0</param>
						<param name="widthCase">200</param>
						<param name="heightCase">300</param>
						<param name="labelHeight">-34</param>
						<param name="labelFont">Font_12</param>
						<param name="fallbackFont">fontCDalbum</param>
						<param name="fallbackVisible">false</param>
						<param name="Aspect">stretch</param>
						<param name="Aligny">top</param>
						<param name="Diffuse" />
						<param name="Case">homewidgets/cases/glass/portrait.png</param>
						<param name="labelVisible">false</param>
						<param name="labelFocusVisible">false</param>
						<param name="isWeather">false</param>
						<param name="weatherTop" />
						<param name="weatherHeight" />
						<param name="weatherTop1" />
						<param name="weatherTop2" />
						<param name="weatherTop3" />
						<param name="weatherFont">font14</param>
					</include>
					<content sortby="title" sortorder="" target="videos">plugin://plugin.video.palantir/?action=listfav&amp;reload=$INFO[Window(Home).Property(widgetreload)]</content>
				</control>
			</control>
		</control>
	</include>
	<include name="skinshortcuts-template-HorizontalNavigation1">
		<include condition="String.IsEqual(System.ProfileName,Master user)">skinshortcuts-template-HorizontalNavigation1-Master user</include>
	</include>
	<include name="skinshortcuts-template-HorizontalNavigation1-Master user">
		<onup condition="!String.IsEqual(Skin.String(MainMenu.Layout),vertical) + Control.IsVisible(90020) + !Skin.HasSetting(centermainmenu)">90020</onup>
		<onup condition="String.IsEqual(Skin.String(MainMenu.Layout),vertical) + [Control.IsVisible(9027) | System.HasMediaDVD]">9020</onup>
		<onup condition="String.IsEqual(Skin.String(MainMenu.Layout),vertical) + ![Control.IsVisible(9027) | System.HasMediaDVD]">9000</onup>
		<ondown condition="!String.IsEqual(Skin.String(MainMenu.Layout),vertical) + ![System.HasMediaDVD | Control.IsVisible(9027)]">9000</ondown>
		<ondown condition="!String.IsEqual(Skin.String(MainMenu.Layout),vertical) + [System.HasMediaDVD | Control.IsVisible(9027)]">9020</ondown>
		<ondown condition="String.IsEqual(Skin.String(MainMenu.Layout),vertical) + Control.IsVisible(90020)">90020</ondown>
		<ondown condition="String.IsEqual(Skin.String(MainMenu.Layout),vertical) + !Control.IsVisible(90020) + [Control.IsVisible(9027) | System.HasMediaDVD]">9020</ondown>
		<ondown condition="String.IsEqual(Skin.String(MainMenu.Layout),vertical) + !Control.IsVisible(90020) + ![Control.IsVisible(9027) | System.HasMediaDVD]">9000</ondown>
		<onleft condition="String.IsEqual(Skin.String(MainMenu.Layout),vertical)">9000</onleft>
		<onback>9000</onback>
	</include>
	<include name="skinshortcuts-template-widget2">
		<include condition="String.IsEqual(System.ProfileName,Master user)">skinshortcuts-template-widget2-Master user</include>
	</include>
	<include name="skinshortcuts-template-widget2-Master user">
		<control type="group">
			<visible>String.IsEqual(Container(9000).ListItem.Property(submenuVisibility),colorgold-b-recientes-b-color)</visible>
			<control type="group">
				<visible>Integer.IsGreater(Container(80212).NumItems,0)</visible>
				<control type="group">
					<visible>Control.HasFocus(80212)</visible>
					<animation condition="!String.IsEqual(Skin.String(MainMenu.Layout),vertical) + Skin.HasSetting(centermainmenu)" effect="slide" end="0,-950">Conditional</animation>
					<animation condition="String.IsEqual(Skin.String(MainMenu.Layout),vertical)" effect="slide" end="0,-697">Conditional</animation>
					<top>449</top>
					<left>40</left>
					<control type="group">
						<animation effect="fade" end="0">WindowClose</animation>
						<control type="image">
							<top>-40</top>
							<width>1890</width>
							<height>391</height>
							<texture colordiffuse="BFFFFFFF">homewidgets/list_shadow.png</texture>
						</control>
						<control type="group">
							<include condition="!false">InfoPosterContent</include>
							<include condition="!false" content="InfoTextContent">
								<param name="left">225</param>
								<param name="width">1605</param>
							</include>
						</control>
						<control type="group">
							<include condition="false">InfoSquareContent</include>
							<include condition="false" content="InfoTextContent">
								<param name="left">330</param>
								<param name="width">1500</param>
							</include>
						</control>
					</control>
				</control>
				<control type="group">
					<animation condition="false" effect="slide" end="0,-20">Conditional</animation>
					<top>70</top>
					<control type="group">
						<include condition="!String.IsEmpty(Skin.String(Widget.Trans))">HomeWidgetFade</include>
						<centerleft>50%</centerleft>
						<top>-21</top>
						<width>1882.5</width>
						<height>342</height>
						<control type="image">
							<width>1882.5</width>
							<height>342</height>
							<texture border="40" colordiffuse="$VAR[HomeWidgetBackColor]">$VAR[HomeWidgetBackgroundVar]</texture>
							<visible>Skin.HasSetting(Enable.GlobalWidgetBack)</visible>
						</control>
						<control type="image">
							<width>1882.5</width>
							<height>342</height>
							<texture border="40" colordiffuse="FF0B0B0B">homewidgets/bg_default.png</texture>
							<visible>!Skin.HasSetting(Enable.GlobalWidgetBack)</visible>
						</control>
					</control>
					<include content="PanelLabel">
						<param name="id">80212</param>
						<param name="Label">[COLOR gold]Palantir[/COLOR] - [COLOR gold][B]Pelis Recientes[/B][/COLOR]</param>
						<param name="Title">$VAR[HomeWidgetInfoTitleVar]</param>
						<param name="labelFont">font13_title</param>
						<param name="labelBottom">318</param>
						<param name="labelWidth">922</param>
						<param name="labelLeft">38</param>
						<param name="labelRight">959</param>
						<param name="labelTitle">false</param>
					</include>
				</control>
			</control>
			<control type="group">
				<animation condition="false" effect="slide" end="0,-20">Conditional</animation>
				<top>70</top>
				<control id="80212" type="panel">
					<left>37.5</left>
					<width>1845</width>
					<height>300</height>
					<orientation>horizontal</orientation>
					<preloaditems>2</preloaditems>
					<scrolltime easing="out" tween="quadratic">300</scrolltime>
					<include>skinshortcuts-template-HorizontalNavigation2</include>
					<onfocus condition="System.HasAddon(script.skin.helper.service)">SetProperty(SkinHelper.WidgetContainer,80212)</onfocus>
					<onunfocus condition="System.HasAddon(script.skin.helper.service)">SetProperty(SkinHelper.WidgetContainer,Home)</onunfocus>
					<include content="PortraitArt">
						<param name="containerWidth">205</param>
						<param name="containerHeight">300</param>
						<param name="Texture">$VAR[PosterThumbVar]</param>
						<param name="leftArt">7.5</param>
						<param name="topArt">6</param>
						<param name="widthArt">190</param>
						<param name="heightArt">288</param>
						<param name="topFakeDiscArt">6</param>
						<param name="leftCase">2.5</param>
						<param name="topCase">0</param>
						<param name="widthCase">200</param>
						<param name="heightCase">300</param>
						<param name="labelHeight">-34</param>
						<param name="labelFont">Font_12</param>
						<param name="fallbackFont">fontCDalbum</param>
						<param name="fallbackVisible">false</param>
						<param name="Aspect">stretch</param>
						<param name="Aligny">top</param>
						<param name="Diffuse" />
						<param name="Case">homewidgets/cases/glass/portrait.png</param>
						<param name="labelVisible">false</param>
						<param name="labelFocusVisible">false</param>
						<param name="isWeather">false</param>
						<param name="weatherTop" />
						<param name="weatherHeight" />
						<param name="weatherTop1" />
						<param name="weatherTop2" />
						<param name="weatherTop3" />
						<param name="weatherFont">font14</param>
					</include>
					<content sortby="dateAdded" sortorder="" target="videos">plugin://plugin.video.palantir/?action=ultimas_pelis&amp;reload=$INFO[Window(Home).Property(widgetreload)]</content>
				</control>
			</control>
		</control>
		<control type="group">
			<visible>String.IsEqual(Container(9000).ListItem.Property(submenuVisibility),colorgold-b-apagado-b-color)</visible>
			<control type="group">
				<visible>Integer.IsGreater(Container(80214).NumItems,0)</visible>
				<control type="group">
					<visible>Control.HasFocus(80214)</visible>
					<animation condition="!String.IsEqual(Skin.String(MainMenu.Layout),vertical) + Skin.HasSetting(centermainmenu)" effect="slide" end="0,-950">Conditional</animation>
					<animation condition="String.IsEqual(Skin.String(MainMenu.Layout),vertical)" effect="slide" end="0,-697">Conditional</animation>
					<top>449</top>
					<left>40</left>
					<control type="group">
						<animation effect="fade" end="0">WindowClose</animation>
						<control type="image">
							<top>-40</top>
							<width>1890</width>
							<height>391</height>
							<texture colordiffuse="BFFFFFFF">homewidgets/list_shadow.png</texture>
						</control>
						<control type="group">
							<include condition="!false">InfoPosterContent</include>
							<include condition="!false" content="InfoTextContent">
								<param name="left">225</param>
								<param name="width">1605</param>
							</include>
						</control>
						<control type="group">
							<include condition="false">InfoSquareContent</include>
							<include condition="false" content="InfoTextContent">
								<param name="left">330</param>
								<param name="width">1500</param>
							</include>
						</control>
					</control>
				</control>
				<control type="group">
					<top>99</top>
					<control type="group">
						<include condition="!String.IsEmpty(Skin.String(Widget.Trans))">HomeWidgetFade</include>
						<centerleft>50%</centerleft>
						<top>-21</top>
						<width>1882.5</width>
						<height>285</height>
						<control type="image">
							<width>1882.5</width>
							<height>285</height>
							<texture border="40" colordiffuse="$VAR[HomeWidgetBackColor]">$VAR[HomeWidgetBackgroundVar]</texture>
							<visible>Skin.HasSetting(Enable.GlobalWidgetBack)</visible>
						</control>
						<control type="image">
							<width>1882.5</width>
							<height>285</height>
							<texture border="40" colordiffuse="FF0B0B0B">homewidgets/bg_default.png</texture>
							<visible>!Skin.HasSetting(Enable.GlobalWidgetBack)</visible>
						</control>
					</control>
					<include content="PanelLabel">
						<param name="id">80214</param>
						<param name="Label">[B][I][COLOR red]Información de [/I][COLOR gold]SeriesTV en emisión hoy[/B][/COLOR]</param>
						<param name="Title">$VAR[HomeWidgetInfoTitleVar]</param>
						<param name="labelFont">font13_title</param>
						<param name="labelBottom">261</param>
						<param name="labelWidth">922</param>
						<param name="labelLeft">38</param>
						<param name="labelRight">959</param>
						<param name="labelTitle">false</param>
					</include>
				</control>
			</control>
			<control type="group">
				<top>99</top>
				<control id="80214" type="panel">
					<left>37.5</left>
					<width>1845</width>
					<height>243</height>
					<orientation>horizontal</orientation>
					<preloaditems>2</preloaditems>
					<scrolltime easing="out" tween="quadratic">300</scrolltime>
					<include>skinshortcuts-template-HorizontalNavigation2</include>
					<onfocus condition="System.HasAddon(script.skin.helper.service)">SetProperty(SkinHelper.WidgetContainer,80214)</onfocus>
					<onunfocus condition="System.HasAddon(script.skin.helper.service)">SetProperty(SkinHelper.WidgetContainer,Home)</onunfocus>
					<include content="PortraitArt">
						<param name="containerWidth">167.7</param>
						<param name="containerHeight">243</param>
						<param name="Texture">$VAR[PosterThumbVar]</param>
						<param name="leftArt">6.5</param>
						<param name="topArt">4</param>
						<param name="widthArt">154.7</param>
						<param name="heightArt">235</param>
						<param name="topFakeDiscArt">4</param>
						<param name="leftCase">2.5</param>
						<param name="topCase">0</param>
						<param name="widthCase">162.7</param>
						<param name="heightCase">243</param>
						<param name="labelHeight">-29</param>
						<param name="labelFont">font11</param>
						<param name="fallbackFont">fontCDalbum</param>
						<param name="fallbackVisible">false</param>
						<param name="Aspect">stretch</param>
						<param name="Aligny">top</param>
						<param name="Diffuse" />
						<param name="Case">homewidgets/cases/glass/portrait.png</param>
						<param name="labelVisible">false</param>
						<param name="labelFocusVisible">false</param>
						<param name="isWeather">false</param>
						<param name="weatherTop" />
						<param name="weatherHeight" />
						<param name="weatherTop1" />
						<param name="weatherTop2" />
						<param name="weatherTop3" />
						<param name="weatherFont">font12</param>
					</include>
					<content sortby="" sortorder="" target="videos">plugin://script.extendedinfo?info=airingtodaytvshows</content>
				</control>
			</control>
		</control>
	</include>
	<include name="skinshortcuts-template-HorizontalNavigation2">
		<include condition="String.IsEqual(System.ProfileName,Master user)">skinshortcuts-template-HorizontalNavigation2-Master user</include>
	</include>
	<include name="skinshortcuts-template-HorizontalNavigation2-Master user">
		<onup condition="!String.IsEqual(Skin.String(MainMenu.Layout),vertical) + Skin.HasSetting(centermainmenu)">9000</onup>
		<onup condition="String.IsEqual(Skin.String(MainMenu.Layout),vertical) + Control.IsVisible(90010)">90010</onup>
		<onup condition="String.IsEqual(Skin.String(MainMenu.Layout),vertical) + !Control.IsVisible(90010) + [Control.IsVisible(9027) | System.HasMediaDVD]">9020</onup>
		<onup condition="String.IsEqual(Skin.String(MainMenu.Layout),vertical) + !Control.IsVisible(90010) + ![Control.IsVisible(9027) | System.HasMediaDVD]">9000</onup>
		<ondown condition="!String.IsEqual(Skin.String(MainMenu.Layout),vertical) + Control.IsVisible(90020) + Skin.HasSetting(centermainmenu)">90020</ondown>
		<ondown condition="!String.IsEqual(Skin.String(MainMenu.Layout),vertical) + Control.IsVisible(90010) + !Skin.HasSetting(centermainmenu)">90010</ondown>
		<ondown condition="!String.IsEqual(Skin.String(MainMenu.Layout),vertical) + !Control.IsVisible(90010) + [System.HasMediaDVD | Control.IsVisible(9027)] + !Skin.HasSetting(centermainmenu)">9020</ondown>
		<ondown condition="!String.IsEqual(Skin.String(MainMenu.Layout),vertical) + !Control.IsVisible(90010) + ![System.HasMediaDVD | Control.IsVisible(9027)] + !Skin.HasSetting(centermainmenu)">9000</ondown>
		<ondown condition="String.IsEqual(Skin.String(MainMenu.Layout),vertical) + [Control.IsVisible(9027) | System.HasMediaDVD]">9020</ondown>
		<ondown condition="String.IsEqual(Skin.String(MainMenu.Layout),vertical) + ![Control.IsVisible(9027) | System.HasMediaDVD]">9000</ondown>
		<onleft condition="String.IsEqual(Skin.String(MainMenu.Layout),vertical)">9000</onleft>
		<onback>9000</onback>
	</include>
	<include name="skinshortcuts-template-WidgetPoster">
		<description>This include was built automatically as the template didn't match any menu items</description>
	</include>
	<include name="skinshortcuts-template-WidgetPoster.2">
		<description>This include was built automatically as the template didn't match any menu items</description>
	</include>
	<include name="skinshortcuts-template-WidgetFanArt">
		<description>This include was built automatically as the template didn't match any menu items</description>
	</include>
	<include name="skinshortcuts-template-WidgetFanArt.2">
		<description>This include was built automatically as the template didn't match any menu items</description>
	</include>
	<include name="skinshortcuts-template-WidgetLandscape">
		<description>This include was built automatically as the template didn't match any menu items</description>
	</include>
	<include name="skinshortcuts-template-WidgetLandscape.2">
		<description>This include was built automatically as the template didn't match any menu items</description>
	</include>
	<include name="skinshortcuts-template-WidgetClearArt">
		<description>This include was built automatically as the template didn't match any menu items</description>
	</include>
	<include name="skinshortcuts-template-WidgetClearArt.2">
		<description>This include was built automatically as the template didn't match any menu items</description>
	</include>
	<include name="skinshortcuts-template-WidgetClearLogo">
		<description>This include was built automatically as the template didn't match any menu items</description>
	</include>
	<include name="skinshortcuts-template-WidgetClearLogo.2">
		<description>This include was built automatically as the template didn't match any menu items</description>
	</include>
	<include name="skinshortcuts-template-WidgetThumb">
		<description>This include was built automatically as the template didn't match any menu items</description>
	</include>
	<include name="skinshortcuts-template-WidgetThumb.2">
		<description>This include was built automatically as the template didn't match any menu items</description>
	</include>
	<include name="skinshortcuts-template-WidgetCharacterArt">
		<description>This include was built automatically as the template didn't match any menu items</description>
	</include>
	<include name="skinshortcuts-template-WidgetCharacterArt.2">
		<description>This include was built automatically as the template didn't match any menu items</description>
	</include>
	<include name="skinshortcuts-template-WidgetBanner">
		<description>This include was built automatically as the template didn't match any menu items</description>
	</include>
	<include name="skinshortcuts-template-WidgetBanner.2">
		<description>This include was built automatically as the template didn't match any menu items</description>
	</include>
	<include name="skinshortcuts-template-WidgetTitle">
		<description>This include was built automatically as the template didn't match any menu items</description>
	</include>
	<include name="skinshortcuts-template-WidgetTitle.2">
		<description>This include was built automatically as the template didn't match any menu items</description>
	</include>
	<include name="skinshortcuts-template-WidgetTitle2">
		<description>This include was built automatically as the template didn't match any menu items</description>
	</include>
	<include name="skinshortcuts-template-WidgetTitle2.2">
		<description>This include was built automatically as the template didn't match any menu items</description>
	</include>
	<include name="skinshortcuts-template-WeatherForecastContent">
		<description>This include was built automatically as the template didn't match any menu items</description>
	</include>
	<include name="skinshortcuts-template-WeatherTodayContent">
		<description>This include was built automatically as the template didn't match any menu items</description>
	</include>
	<include name="skinshortcuts-template-WeatherTomorrowContent">
		<description>This include was built automatically as the template didn't match any menu items</description>
	</include>
	<include name="skinshortcuts-template-SystemContent">
		<description>This include was built automatically as the template didn't match any menu items</description>
	</include>
	<include name="skinshortcuts-template-SystemUptime">
		<description>This include was built automatically as the template didn't match any menu items</description>
	</include>
	<include name="skinshortcuts-template-SystemBattery">
		<description>This include was built automatically as the template didn't match any menu items</description>
	</include>
	<include name="skinshortcuts-template-SystemNetwork">
		<description>This include was built automatically as the template didn't match any menu items</description>
	</include>
	<include name="skinshortcuts-template-SystemVideo">
		<description>This include was built automatically as the template didn't match any menu items</description>
	</include>
	<include name="skinshortcuts-template-SystemCPU">
		<description>This include was built automatically as the template didn't match any menu items</description>
	</include>
	<include name="skinshortcuts-template-SystemMemory">
		<description>This include was built automatically as the template didn't match any menu items</description>
	</include>
	<include name="skinshortcuts-template-SystemStorage">
		<description>This include was built automatically as the template didn't match any menu items</description>
	</include>
	<include name="skinshortcuts-template-SystemPVR">
		<description>This include was built automatically as the template didn't match any menu items</description>
	</include>
	<include name="skinshortcuts-template-SystemVersion">
		<description>This include was built automatically as the template didn't match any menu items</description>
	</include>
</includes>
