<?xml version="1.0" encoding="utf-8"?>
<includes>
	<include name="View_803_MyFlixGamesSquare">
		<control type="group">
			<visible>Control.IsVisible(803) + !Window.IsActive(skinsettings)</visible>
			<include>ViewAnimation</include>
			<control type="group">
				<animation effect="slide" start="0" end="0,60" time="0" tween="cubic" easing="inout" condition="[Container.Content(movies) + Skin.HasSetting(Enable.MyFlix.MovieLandscape)] | [Container.Content(tvshows) + Skin.HasSetting(Enable.MyFlix.TVLandscape)]">Conditional</animation>
				<control type="group">
					<animation effect="slide" end="0,400" time="0" condition="Skin.HasSetting(Disable.MyFlixInfo)">Conditional</animation>
					<control type="image">
						<left>50</left>
						<top>50</top>
						<width>550</width>
						<height>170</height>
						<aspectratio align="left" aligny="bottom">keep</aspectratio>
						<texture background="true">$VAR[ArtworkLogoVar]</texture>
                        <visible>$EXP[IsGameAddon] + Skin.HasSetting(Enable.gameflixSquare.Logo)</visible>
					</control>
					<control type="label">
						<left>25</left>
						<top>50</top>
						<height>124</height>
						<font>font_musicviz</font>
						<textcolor>grey</textcolor>
						<label>$INFO[ListItem.Title]</label>
                        <visible>$EXP[IsGameAddon] + [String.IsEmpty(ListItem.Art(clearlogo)) | !Skin.HasSetting(Enable.gameflixSquare.Logo)]</visible>
					</control>
				</control>
				
                <include>View_80x_GameFlixRightSideInfo</include>

			</control>
			<control type="panel" id="803">
				<top>530</top>
				<width>1920</width>
				<height>600</height>
				<visible>true</visible>
				<onleft>803</onleft>
				<onright>803</onright>
				<onup>SetProperty(MediaMenu,True,Home)</onup>
				<onup>SetFocus(9050)</onup>
				<ondown condition="Control.IsVisible(80360)">80360</ondown>
				<ondown condition="!Control.IsVisible(80360)">4400</ondown>
				<viewtype label="GameFlixSquare">bigwrap</viewtype>
				<pagecontrol>80360</pagecontrol>
				<orientation>horizontal</orientation>
				<preloaditems>2</preloaditems>
				<focusposition>0</focusposition>
				<itemlayout height="525" width="393" condition="!Skin.HasSetting(Enable.gameflixWide.SmallIcon)">
					<include>FlixPosterSquare</include>
					<control type="image">
						<left>10</left>
						<top>75</top>
						<width>390</width>
						<height>390</height>
						<texture border="1">black.png</texture>
						<colordiffuse>$VAR[MyFlixDimmerVar]</colordiffuse>
						<bordersize>20</bordersize>
					</control>
					<include>FlixPosterReflectionSquare</include>
				</itemlayout>
				<focusedlayout height="525" width="393" condition="!Skin.HasSetting(Enable.gameflixSquare.SmallIcon)">
					<control type="group">
<!-- 						<visible>$EXP[IsGameAddon]</visible> -->
						<include>FlixPosterSquare</include>
						<include>FlixPosterReflectionSquare</include>
					</control>
				</focusedlayout>
				<itemlayout height="213" width="213" condition="Skin.HasSetting(Enable.gameflixSquare.SmallIcon)">
					<include>FlixPosterSquareSmall</include>
					<control type="image">
						<left>5</left>
						<top>60</top>
						<width>212</width>
						<height>212</height>
						<texture border="1">black.png</texture>
						<colordiffuse>$VAR[MyFlixDimmerVar]</colordiffuse>
						<bordersize>10</bordersize>
					</control>
				</itemlayout>
				<focusedlayout height="213" width="213" condition="Skin.HasSetting(Enable.gameflixSquare.SmallIcon)">
					<control type="group">
<!-- 						<visible>$EXP[IsGameAddon]</visible> -->
						<include>FlixPosterSquareSmall</include>
					</control>
				</focusedlayout>
			</control>
			<control type="scrollbar" id="80360">
				<left>110</left>
				<top>985</top>
				<width>1680</width>
				<height>12</height>
				<onup>803</onup>
				<ondown condition="Integer.IsGreaterOrEqual(Container(803).NumPages,10) + [String.IsEqual(Container.SortMethod,$LOCALIZE[551]) | String.IsEqual(Container.SortMethod,$LOCALIZE[556])]">615</ondown>
				<ondown condition="![Integer.IsGreaterOrEqual(Container(803).NumPages,10) + [String.IsEqual(Container.SortMethod,$LOCALIZE[551]) | String.IsEqual(Container.SortMethod,$LOCALIZE[556])]]">4400</ondown>
				<texturesliderbackground />
				<texturesliderbar border="6,0,6,0">scrollbar/texturesliderbar_hor.png</texturesliderbar>
				<texturesliderbarfocus border="6,0,6,0">scrollbar/texturesliderbarfocus_hor.png</texturesliderbarfocus>
				<textureslidernib />
				<textureslidernibfocus />
				<showonepage>false</showonepage>
				<orientation>horizontal</orientation>
				<animation effect="fade" start="100" end="0" time="500" delay="500" condition="!Control.HasFocus(80360) + !Container.Scrolling">Conditional</animation>
			</control>
            <control type="image">
                <top>1020</top>
                <left>50</left>
                <width>200</width>
                <height>100</height>
                <aspectratio align="left" aligny="top">keep</aspectratio>
                <texture background="true">$INFO[Window(10000).Property(AEL_Launch_Clearlogo)]</texture>
                <visible>!IsEmpty(Window(10000).Property(AEL_Launch_Clearlogo))</visible>
            </control>
		</control>
	</include>
	<include name="FlixPosterSquare">
		<control type="image">
			<left>10</left>
			<top>75</top>
			<width>390</width>
			<height>390</height>
			<texture background="true">$VAR[PosterThumbVar]</texture>
			<bordertexture border="20">thumbs/thumb_shadow_aa.png</bordertexture>
			<bordersize>20</bordersize>
		</control>
	</include>
	<include name="FlixPosterReflectionSquare">
		<control type="image">
			<left>29</left>
			<top>465</top>
			<width>350</width>
			<height>402</height>
			<texture background="true" flipy="true" diffuse="thumbs/thumb_reflect.png">$VAR[PosterThumbVar]</texture>
		</control>
	</include>
	<include name="FlixPosterSquareSmall">
		<control type="image">
			<left>5</left>
			<top>60</top>
			<width>212</width>
			<height>212</height>
			<texture background="true">$VAR[PosterThumbVar]</texture>
			<bordertexture border="10">thumbs/thumb_shadow_aa.png</bordertexture>
			<bordersize>10</bordersize>
		</control>
	</include>
</includes>
